{
 "virtual_account": 10865.455800000003,
 "available_cash": 9644.885800000004,
 "stocks_amount": 1220.5700000000002,
 "last_account": 10836.620000000004,
 "total_commission": 600.4132,
 "total_transaction": 82,
 "storage_date": "2020-02-09"
}