{
 "virtual_account": 3560.8321999999966,
 "available_cash": 2120.4121999999966,
 "stocks_amount": 1440.42,
 "last_account": 3535.1963999999966,
 "total_commission": 768.3929999999999,
 "total_transaction": 84,
 "storage_date": "2020-02-09"
}